{
  "lang":"en",
  "name":"pipeline",
  "version":"0.0.0",
  "spacy_version":">=3.8.6,<3.9.0",
  "description":"",
  "author":"",
  "email":"",
  "url":"",
  "license":"",
  "spacy_git_version":"911539e",
  "vectors":{
    "width":0,
    "vectors":0,
    "keys":0,
    "name":null,
    "mode":"default"
  },
  "labels":{
    "transformer":[

    ],
    "ner":[
      "ART",
      "EVE",
      "GEO",
      "GPE",
      "NAT",
      "ORG",
      "PER",
      "TIM"
    ]
  },
  "pipeline":[
    "transformer",
    "ner"
  ],
  "components":[
    "transformer",
    "ner"
  ],
  "disabled":[

  ],
  "performance":{
    "ents_f":0.8254305762,
    "ents_p":0.808701863,
    "ents_r":0.842866005,
    "ents_per_type":{
      "GPE":{
        "p":0.9369487096,
        "r":0.9033070866,
        "f":0.9198203977
      },
      "TIM":{
        "p":0.8920585968,
        "r":0.8686186186,
        "f":0.8801825789
      },
      "ORG":{
        "p":0.7162876785,
        "r":0.7180914513,
        "f":0.7171884307
      },
      "PER":{
        "p":0.8093359632,
        "r":0.9043491037,
        "f":0.8542085907
      },
      "GEO":{
        "p":0.7960125712,
        "r":0.8985587583,
        "f":0.8441828976
      },
      "ART":{
        "p":0.0,
        "r":0.0,
        "f":0.0
      },
      "NAT":{
        "p":0.0,
        "r":0.0,
        "f":0.0
      },
      "EVE":{
        "p":0.0,
        "r":0.0,
        "f":0.0
      }
    },
    "transformer_loss":55658.7167057172,
    "ner_loss":54114.81640625
  }
}